0.000000000000000000e+00,-1.642857142857143238e+00,-9.583333333333339255e-01,6.746031746031722065e-02,9.007936507936502579e-01,-1.900793650793651146e+00,-2.857142857142864756e-01,-2.363095238095238582e+00,-2.763888888888889284e+00,-5.408730158730159054e+00
0.000000000000000000e+00,-8.531746031746028081e-01,-4.603174603174595703e-01,1.140873015873015817e+00,1.434523809523810201e+00,3.313492063492065043e-01,1.408730158730158166e-01,-5.325396825396825129e+00,-5.339285714285713524e+00,-5.341269841269840946e+00
0.000000000000000000e+00,-1.601190476190476275e+00,5.257936507936511461e-01,1.571428571428571175e+00,2.071428571428571175e+00,1.591269841269840946e+00,1.547619047619047450e+00,-1.109126984126984183e+00,-3.073412698412698596e+00,-4.640873015873015817e+00
0.000000000000000000e+00,-2.095238095238095344e+00,-3.611111111111116045e-01,1.349206349206348854e+00,1.668650793650793496e+00,8.412698412698409456e-01,8.730158730158725788e-01,-2.857142857142855874e-01,-2.698412698412698596e+00,-5.472222222222222321e+00
0.000000000000000000e+00,-1.335317460317460458e+00,-2.876984126984130086e-01,1.589285714285714413e+00,1.831349206349205616e+00,1.285714285714285587e+00,1.261904761904761862e+00,4.087301587301581662e-01,-1.295634920634920917e+00,-5.069444444444444642e+00
0.000000000000000000e+00,-1.647005772005772251e+00,-7.680375180375182964e-01,1.033549783549783108e+00,1.408549783549783108e+00,8.910533910533846580e-02,7.617243867243868038e-01,-1.470057720057722506e-01,-2.932720057720057838e+00,-4.891053391053391763e+00
0.000000000000000000e+00,-2.591269841269840946e+00,6.527777777777776791e-01,2.017857142857143238e+00,1.753968253968253954e+00,1.553571428571428825e+00,1.055555555555556246e+00,7.242063492063497421e-01,-1.049603174603173983e+00,-5.309523809523809312e+00
0.000000000000000000e+00,-5.744047619047618625e-01,6.250000000000000000e-02,1.229166666666666075e+00,1.937500000000000000e+00,1.489087301587301404e+00,8.759920634920632665e-01,2.926587301587302292e-01,8.035714285714234961e-02,-5.909722222222222321e+00
0.000000000000000000e+00,4.990079365079358453e-01,4.533730158730149284e-01,-3.561507936507943839e-01,8.501984126984121204e-01,-3.422619047619051003e-01,2.827380952380940116e-01,-1.100198412698413009e+00,-1.725198412698413009e+00,-6.804563492063492092e+00
0.000000000000000000e+00,8.799603174603181088e-01,1.574404761904762751e+00,2.311507936507943839e-01,1.530753968253968367e+00,-2.439484126984127421e+00,-3.759920634920632665e-01,-2.389880952380952550e+00,-4.750992063492063266e+00,-8.520833333333333925e+00
0.000000000000000000e+00,2.658730158730158166e-01,-2.380952380952380487e+00,2.242063492063497421e-01,-6.468253968253954156e-01,-4.430555555555555358e+00,-6.670634920634920029e+00,-7.541666666666666075e+00,-8.410714285714284699e+00,-8.892857142857142350e+00
0.000000000000000000e+00,3.506493506493502110e-01,5.501443001443107050e-02,-2.009379509379503048e-01,-1.641414141414188066e-02,-2.736652236652236780e+00,-2.321969696969697239e+00,-3.751533189033188442e+00,-6.323953823953823772e+00,-9.735660173160173514e+00
